{
  "subscription": {
    "id": "aa185966-48d0-4fc9-b099-6936c0f1faa7",
    "tenantId": "f83ce7ac-a46f-4c46-ab88-5f4eac566915",
    "stripeCustomerId": null,
    "stripeSubscriptionId": null,
    "plan": "pro",
    "status": "active",
    "liveAppsLimit": 1,
    "liveAppsUsed": 0,
    "currentPeriodStart": "2026-01-29T19:33:28.541Z",
    "currentPeriodEnd": "2026-02-28T19:33:28.541Z",
    "canceledAt": null,
    "createdAt": "2026-01-29T19:33:28.543Z",
    "updatedAt": "2026-01-29T19:33:28.543Z"
  },
  "invoices": [
    {
      "id": "ba2eaff7-2b29-4bdc-b222-dc181234d847",
      "tenantId": "f83ce7ac-a46f-4c46-ab88-5f4eac566915",
      "subscriptionPlan": "pro",
      "amount": "4500",
      "currency": "BDT",
      "paymentType": "manual",
      "paymentId": "53c78be0-7b99-4108-8330-beaecd2d73fb",
      "status": "paid",
      "resellerId": null,
      "resellerCommission": null,
      "platformRevenue": null,
      "issuedAt": "2026-01-29T19:33:01.457Z",
      "paidAt": "2026-01-29T19:33:28.536Z",
      "createdAt": "2026-01-29T19:33:01.457Z"
    }
  ],
  "manualPayments": [
    {
      "id": "53c78be0-7b99-4108-8330-beaecd2d73fb",
      "amount": "4500",
      "currency": "BDT",
      "method": "bkash",
      "plan": "pro",
      "status": "approved",
      "createdAt": "2026-01-29T19:33:01.417Z",
      "approvedAt": "2026-01-29T19:33:28.527Z"
    }
  ]
}