[
  {
    "id": "36e5bd41-6922-420e-8e25-8cbc233e94b9",
    "email": "admin@example.com",
    "name": "Demo Admin",
    "status": "active",
    "createdAt": "2026-01-29T18:53:34.579Z"
  },
  {
    "id": "1516b4f1-0afb-4be7-baca-cc4e134034fa",
    "email": "staffproof@test.com",
    "name": "Staff Proof",
    "status": "pending",
    "createdAt": "2026-01-29T19:34:36.730Z"
  },
  {
    "id": "4474fd95-c726-4c6c-82cf-5963c3a72a21",
    "email": "staff@example.com",
    "name": "Staff User",
    "status": "active",
    "createdAt": "2026-01-29T20:38:31.410Z"
  }
]